{
  "semantic": 2.4670863151550293,
  "bias": 2.8002660274505615,
  "note": "Calibrated on Mohler ASAG (semantic-only)"
}